{
  "AA": 22965792.979000002,
  "AAL": 16493490.000000002,
  "AAPL": 740399535.02,
  "ABBV": 176282938.88000003,
  "ABNB": 78697041.92,
  "ADBE": 142157191.75,
  "AEO": 8193452.0,
  "AFRM": 23269840.0,
  "AI": 7769603.89,
  "AMAT": 133259700.0,
  "AMC": 5680122.88,
  "AMD": 194502000.0,
  "AMZN": 451679406.4,
  "APP": 123640999.99999999,
  "ARM": 50021745.78,
  "ASML": 106518750.0,
  "ASTS": 26464655.28,
  "AVGO": 549767188.13,
  "AXP": 86087500.0,
  "BA": 92152610.0,
  "BABA": 146708523.0,
  "BAC": 140500000.0,
  "BBD": 6429122.52,
  "BIDU": 38158420.0,
  "BLNK": 520006.453,
  "BMNR": 29229032.0,
  "BMY": 119547051.74999999,
  "BND": 168872438.48000002,
  "BYND": 1846900.0,
  "C": 119787290.07,
  "CAR": 35013000.0,
  "CAVA": 22095666.0,
  "CCJ": 20219430.0,
  "CCL": 51459159.0,
  "CELH": 34650000.0,
  "CHWY": 23374040.86,
  "CIFR": 13737061.2,
  "CLF": 8856492.82,
  "CMCSA": 114682091.16,
  "CMG": 57617093.26,
  "COIN": 106500000.0,
  "COST": 188164154.16,
  "CRCL": 24535630.77,
  "CRM": 170532732.0,
  "CRWD": 93560400.0,
  "CRWV": 84140758.136,
  "CSCO": 171495576.0,
  "CVNA": 84525280.0,
  "CVS": 131055893.1,
  "CVX": 128281042.26,
  "DAL": 37066833.0,
  "DDOG": 54173030.449999996,
  "DELL": 63335000.0,
  "DIA": 112135010.03999999,
  "DIS": 88354750.0,
  "DJT": 4372992.0,
  "DKNG": 26737752.78,
  "DUOL": 20912661.0,
  "EBAY": 27060528.6899,
  "EEM": 142800000.0,
  "ELF": 18427632.029999997,
  "ENPH": 20766940.0,
  "EOSE": 5801600.0,
  "EPV": 740069.64,
  "ETSY": 32479999.999999996,
  "EWY": 60090263.75,
  "F": 41190000.0,
  "FCX": 71471970.0,
  "FSLR": 28007850.78,
  "FUBO": 1426698.0,
  "FXI": 106904893.25,
  "GE": 113667699.99999999,
  "GLD": 214063500.0,
  "GM": 72769982.88,
  "GME": 13675779.0,
  "GOLD": 18802231.5,
  "GOOGL": 396711516.42999995,
  "GS": 116611808.36,
  "HACK": 3206927.5,
  "HIMS": 29497160.0,
  "HOOD": 102612238.26,
  "HPE": 47763000.0,
  "HPQ": 26017317.5,
  "IBIT": 92261000.0,
  "IGV": 206506712.6,
  "INTC": 148718433.78,
  "IONQ": 24026305.44,
  "IREN": 29286842.0,
  "ITUB": 16719500.0,
  "IVV": 986149725.0000001,
  "IWM": 402118890.00000006,
  "JD": 60516600.0,
  "JPM": 221427360.0,
  "KLAR": 2418706.92,
  "KO": 125046408.1,
  "KVUE": 66940750.300000004,
  "KWEB": 62066830.32,
  "LAC": 1217557.44,
  "LCID": 12354603.8,
  "LI": 26972259.060000002,
  "LITE": 68445400.0,
  "LLY": 201515000.0,
  "LMND": 4706294.25,
  "LMT": 77017500.0,
  "LRCX": 109940820.0,
  "LULU": 51603000.0,
  "LYFT": 19999980.0,
  "MARA": 16553051.91,
  "MDB": 49471431.9,
  "META": 499999980.76,
  "MNDY": 31242994.349999998,
  "MRK": 170349429.0,
  "MRNA": 30189510.0,
  "MRVL": 96244354.08,
  "MS": 96160000.0,
  "MSFT": 638006226.0,
  "MSOS": 2178671.45,
  "MSTR": 155476000.0,
  "MU": 221538750.0,
  "NBIS": 27499239.18,
  "NEE": 100924268.24000001,
  "NEM": 66131410.0,
  "NFLX": 191028046.95,
  "NIO": 11461808.16,
  "NKE": 83127759.64999999,
  "NMAX": 697593.2,
  "NOW": 99504250.88000001,
  "NU": 42859797.131878,
  "NVAX": 4657592.0,
  "NVDA": 661988296.0,
  "NVDL": 7385579.999999999,
  "NVDS": 1119354.0,
  "NVO": 66341672.839999996,
  "NVTS": 2739434.75,
  "OKLO": 18574812.0,
  "OKTA": 25109650.53,
  "OPEN": 11278500.0,
  "ORCL": 156970092.56,
  "OSCR": 8041371.8,
  "OXY": 35319896.64,
  "PANW": 137088000.0,
  "PATH": 17305864.240000002,
  "PBR": 26059525.470000003,
  "PDD": 149173049.52,
  "PFE": 107039686.13000001,
  "PINS": 33673144.31,
  "PLTR": 200876955.84,
  "PLUG": 10392012.72,
  "PYPL": 83100000.0,
  "QCOM": 137790000.0,
  "QQQ": 659953350.0,
  "RBLX": 61180000.0,
  "RDDT": 54445500.0,
  "RGTI": 15264300.0,
  "RIOT": 10454350.0,
  "RIVN": 23601440.6935,
  "RKT": 24495579.81,
  "ROKU": 15173354.000000002,
  "RTX": 150728512.0,
  "RUN": 8490125.0,
  "SBUX": 98260339.64,
  "SCHW": 81948510.0,
  "SE": 79118160.0,
  "SEDG": 10329396.0,
  "SHOP": 77256765.0,
  "SLV": 64260000.00000001,
  "SMCI": 101240599.25,
  "SMH": 143650068.0,
  "SNAP": 60933805.599999994,
  "SNDK": 104194638.24000001,
  "SNOW": 63372274.419999994,
  "SOFI": 42380130.0,
  "SOXL": 11985000.0,
  "SOXS": 5355543.1,
  "SOXX": 105642648.426,
  "SPOT": 79643822.7,
  "SPXS": 6246247.499999999,
  "SPY": 994643160.0,
  "SQQQ": 15355105.15,
  "T": 88638904.0,
  "TAN": 7538840.0,
  "TDOC": 4746998.0,
  "TEM": 14101611.75,
  "TGT": 85041814.0,
  "TLT": 276300000.0,
  "TMDX": 11926178.0,
  "TMF": 9891967.71,
  "TSLA": 466984455.798245,
  "TSLL": 5019669.75,
  "TSM": 222646320.0,
  "TTD": 43189902.0,
  "U": 15386217.0,
  "UAL": 49999836.660000004,
  "UBER": 122067352.9,
  "UNH": 205663226.01000002,
  "UPS": 66219296.0,
  "UPST": 15346664.999999998,
  "USAR": 2342740.0,
  "UVXY": 4467122.11,
  "VALE": 54392866.05,
  "VKTX": 7336640.0,
  "VOO": 960646130.31,
  "VRT": 95220471.06,
  "VST": 73203790.72,
  "VXX": 27692370.282,
  "VZ": 95690390.86,
  "WBA": 19911245.1,
  "WBD": 63951666.00000001,
  "WFC": 88941658.72,
  "WMT": 217161307.53,
  "X": 33517000.0,
  "XBI": 80890000.0,
  "XLB": 50006580.0,
  "XLC": 71485013.2282,
  "XLE": 118523726.60820001,
  "XLF": 156195216.0,
  "XLI": 118097570.24000001,
  "XLK": 138348000.0,
  "XLP": 109879986.024,
  "XLRE": 34278119.7477,
  "XLU": 76070826.0,
  "XLV": 128384860.0,
  "XLY": 77664726.07000001,
  "XOM": 180033023.5,
  "XPEV": 8600703.48,
  "XYZ": 26844750.0,
  "YOLO": 81900.0,
  "ZETA": 6750268.44,
  "ZM": 26692465.0
}